{  
   "Products":[  
      {  
         "ID":1,
         "Name":"BMD name",
         "Description":"Краткое описание производимой продукции по защите банкнот ВМД,и тд и тд Mobile и тд и тд",
         "Purpose":"definition of product purpose",
         "MainImageId":"d98360a85c61f1aa187b250970969de298c4013ed54c5c223587a3ba6986b384",
         "ImageIds":[  
            "d98360a85c61f1aa187b250970969de298c4013ed54c5c223587a3ba6986b384",
            "d98360a85c61f1aa187b250970969de298c4013ed54c5c223587a3ba6986b384"
         ],
         "SectionId":1,
         "EffectIds":[  
            1,
            2
         ]
      }, 
      {  
         "ID":22,
         "Name":"Aутентификации",
         "Description":"sнаука о методах обеспечения конфиденциальности (невозможности прочтения информации посторонним), целостности данных (невозможности незаметного изменения информации), аутентификации (проверки подлинности авторства или иных свойств объекта), а также невозможности отказа от авторства.",
         "Purpose":"Изначально криптография изучала методы шифрования информации 	",
         "MainImageId":"d98360a85c61f1aa187b250970969de298c4013ed54c5c223587a3ba6986b384",
         "ImageIds":[  
            "d98360a85c61f1aa187b250970969de298c4013ed54c5c223587a3ba6986b384",
            "d98360a85c61f1aa187b250970969de298c4013ed54c5c223587a3ba6986b384"
         ],
         "SectionId":1,
         "EffectIds":[  
            1,
            2
         ]
      }, 
      {  
         "ID":33,
         "Name":"Kвантовую криптографию",
         "Description":"графия образует раздел симметричных криптосистем, в которых зашифровывание и расшифровывание проводится с использованием одного и того же секретного ключа. Помимо этого раздела современная криптография включает в себя асимметричные криптосистемы, системы электронной цифровой подписи (ЭЦП), хеш-функции, управление ключами, получение скрытой информации, квантовую криптографию.",
         "Purpose":"Kриптография — одна из старейших наук, её история насчитывает несколько тысяч лет.",
         "MainImageId":"d98360a85c61f1aa187b250970969de298c4013ed54c5c223587a3ba6986b384",
         "ImageIds":[  
            "d98360a85c61f1aa187b250970969de298c4013ed54c5c223587a3ba6986b384",
            "d98360a85c61f1aa187b250970969de298c4013ed54c5c223587a3ba6986b384"
         ],
         "SectionId":1,
         "EffectIds":[  
            1,
            2
         ]
      }, 
      {  
         "ID":11,
         "Name":"Шифр",
         "Description":"Kриптосистема — семейство обратимых преобразований открытого текста в шифрованный.",
         "Purpose":"definition of product purpose",
         "MainImageId":"d98360a85c61f1aa187b250970969de298c4013ed54c5c223587a3ba6986b384",
         "ImageIds":[  
            "d98360a85c61f1aa187b250970969de298c4013ed54c5c223587a3ba6986b384",
            "d98360a85c61f1aa187b250970969de298c4013ed54c5c223587a3ba6986b384"
         ],
         "SectionId":1,
         "EffectIds":[  
            1,
            2
         ]
      }
   ],
   "Effects":[  
      {  
         "ID":1,
         "Name":"Реакция",
         "Description":"Реакция на некоторое действие, или результат, являющийся следствием какого-либо действия.",
         "ImageIds":[  
            "d98360a85c61f1aa187b250970969de298c4013ed54c5c223587a3ba6986b384"
         ],
         "TechnologyId":22,
         "ProductIds":[  
            1,11
         ]
      },
      {  
         "ID":22,
         "Name":"Исполнение, действие,",
         "Description":"Средства, предназначенные для создания какого-либо сильного впечатления или для создания иллюзий (спецэффекты), кроме того, эффектом может называться и само созданное впечатление.",
         "ImageIds":[  
            "d98360a85c61f1aa187b250970969de298c4013ed54c5c223587a3ba6986b384"
         ],
         "TechnologyId":33,
         "ProductIds":[  
            1,33
         ]
      },
      {  
         "ID":2,
         "Name":"Сolorful effect",
         "Description":"В социологии, антропологии и психологии эффектом называют реакцию группы или индивида на привходящие (внешние) обстоятельства.",
         "ImageIds":[  
            "d98360a85c61f1aa187b250970969de298c4013ed54c5c223587a3ba6986b384"
         ],
         "TechnologyId":2,
         "ProductIds":[  
            11
         ]
      }
   ],
   "Patents":[  
      {  
         "ID":1,
         "Name":"patens от лат. patens — открытый, ясный, очевидный от полного наименования",
         "Description":"Патент (от лат. patens — открытый, ясный, очевидный от полного наименования — litterae patentes — открытое письмо) — охранный документ, удостоверяющий исключительное право, авторство и приоритет изобретения, полезной модели, промышленного образца либо селекционного достижения. Срок действия патента зависит от страны патентования, объекта патентования и составляет от 5 до 35 лет (ГК РФ Статья 1363, ГК РФ Статья 1424).[где?] Автору или соавторам за использование патента выплачивается авторское вознаграждение (по договору с патентовладельцем). За предоставление лицензии на право производства продукта или использования способа, патентовладелец (лицензиар) получает (одноразовый) паушальный платёж или ежегодные отчисления от лицензиата, роялти.",
         "ImageIds":[  
            "d98360a85c61f1aa187b250970969de298c4013ed54c5c223587a3ba6986b384"
         ]
      },
      {  
         "ID":2,
         "Name":"patent for amazing technology",
         "Description":"Патент выдаётся государственным органом исполнительной власти по интеллектуальной собственности; например, в Российской Федерации таким органом является Роспатент, в США — Бюро по регистрации патентов и торговых марок США. Международное регулирование осуществляют Всемирная организация интеллектуальной собственности (выполняющая, в том числе, соответствующие функции при ООН), Объединённые международные бюро по охране интеллектуальной собственности и другие. Во Всемирной торговой организации эти отношения регулируются, в том числе, «Соглашением по торговым аспектам прав интеллектуальной собственности».",
         "ImageIds":[  
            "d98360a85c61f1aa187b250970969de298c4013ed54c5c223587a3ba6986b384"
         ]
      },
      {  
         "ID":3,
         "Name":"области",
         "Description":"ым органом исполнительной власти по интеллектуальной собственности; например, в Российской Федерации таким органом является Роспатент, в США — Бюро по регистрации патентов и торговых марок США. Международное регулирование осуществляют Всемирная организация интеллектуальной собственности (выполняющая, в том числе, соответствующие функции при ООН), Объединённые международные бюро по охране интеллектуальной собств",
         "ImageIds":[  
            "d98360a85c61f1aa187b250970969de298c4013ed54c5c223587a3ba6986b384"
         ]
      }
   ],
   "Technologies":[  
      {  
         "ID":22,
         "Name":"incredible technology",
         "Description":"description for incredible technology",
         "ImageIds":[  
            "d98360a85c61f1aa187b250970969de298c4013ed54c5c223587a3ba6986b384"
         ]
      },
       {  
         "ID":33,
         "Name":"incredible technology",
         "Description":"description for incredible technology",
         "ImageIds":[  
            "d98360a85c61f1aa187b250970969de298c4013ed54c5c223587a3ba6986b384"
         ]
      },
       {  
         "ID":11,
         "Name":"incredible technology",
         "Description":"description for incredible technology",
         "ImageIds":[  
            "d98360a85c61f1aa187b250970969de298c4013ed54c5c223587a3ba6986b384"
         ]
      },
      {  
         "ID":2,
         "Name":"impossible technology",
         "Description":"description for impossible technology",
         "ImageIds":[  
            "d98360a85c61f1aa187b250970969de298c4013ed54c5c223587a3ba6986b384"
         ]
      }
   ],
   "Sections":[  
      {  
         "ID":1,
         "Name":"some products",
         "Description":"section od some products",
         "ProductIds":[  
            22,
            1
         ]
      },
      {  
         "ID":2,
         "Name":"empty section",
         "Description":"for testing purposes",
         "ProductIds":[  
33,11
         ]
      }
   ],
   "Images":[  
      {  
         "ID":"d98360a85c61f1aa187b250970969de298c4013ed54c5c223587a3ba6986b384",
         "Size":18661,
         "FileName":"d98360a85c61f1aa187b250970969de298c4013ed54c5c223587a3ba6986b384.jpg"
      }
   ]
}