{"Products":[{"ID":1,"Name":"some product","Description":"some product long description","Purpose":"definition of product purpose","MainImageId":"d98360a85c61f1aa187b250970969de298c4013ed54c5c223587a3ba6986b384","ImageIds":["d98360a85c61f1aa187b250970969de298c4013ed54c5c223587a3ba6986b384","d98360a85c61f1aa187b250970969de298c4013ed54c5c223587a3ba6986b384"],"SectionId":1,"EffectIds":[1,2]}],"Effects":[{"ID":1,"Name":"luxury effect","Description":"description for luxury effect","ImageIds":["d98360a85c61f1aa187b250970969de298c4013ed54c5c223587a3ba6986b384"],"TechnologyId":1,"ProductIds":[1]},{"ID":2,"Name":"colorful effect","Description":"description for colorful effect","ImageIds":["d98360a85c61f1aa187b250970969de298c4013ed54c5c223587a3ba6986b384"],"TechnologyId":2,"ProductIds":[1]}],"Patents":[{"ID":1,"Name":"patent for amazing technology","Description":"short description for amazing technology","ImageIds":["d98360a85c61f1aa187b250970969de298c4013ed54c5c223587a3ba6986b384"]}],"Technologies":[{"ID":1,"Name":"incredible technology","Description":"description for incredible technology","ImageIds":["d98360a85c61f1aa187b250970969de298c4013ed54c5c223587a3ba6986b384"]},{"ID":2,"Name":"impossible technology","Description":"description for impossible technology","ImageIds":["d98360a85c61f1aa187b250970969de298c4013ed54c5c223587a3ba6986b384"]}],"Sections":[{"ID":1,"Name":"some products","Description":"section od some products","ProductIds":[0,1]},{"ID":2,"Name":"empty section","Description":"for testing purposes","ProductIds":[]}],"Images":[{"ID":"d98360a85c61f1aa187b250970969de298c4013ed54c5c223587a3ba6986b384","Size":18661,"FileName":"d98360a85c61f1aa187b250970969de298c4013ed54c5c223587a3ba6986b384.jpg"}]}