{  
   "Products":[  
   	 {  
         "ID":1,
         "Name":"Нить защитная цветопеременная «Vivat» с деметаллизацией",
         "Description":"Возможно изготовление нити различной ширины от 1,0 мм до 6,0 мм. Возможен различный дизайн деметаллизированного изображения размером от 0,5 мм. Возможен различный цветовой переход (Magenta/Green; Green/Blue; Yellow/Magenta).",
         "Purpose":"Возможно изготовление нити различной ширины от 1,0 мм до 6,0 мм. Возможен различный дизайн деметаллизированного изображения размером от 0,5 мм. Возможен различный цветовой переход (Magenta/Green; Green/Blue; Yellow/Magenta).",
         "MainImageId":"d98360a85c61f1aa187b250970969de298c4013ed54c5c223587a3ba6986b111",
         "ImageIds":[  
            "d98360a85c61f1aa187b250970969de298c4013ed54c5c223587a3ba6986b111",
            "d98360a85c61f1aa187b250970969de298c4013ed54c5c223587a3ba6986b113"
         ],
         "SectionId":2,
         "EffectIds":[  
           
            2
         ]
      }, 
      {  
         "ID":22,
         "Name":"Нить защитная голографическая с деметаллизацией обладающая разными цветами свечения в у/ф свете «uv-switch»",
         "Description":"Возможен различный дизайн деметаллизированного изображения размером от 0,5 мм. Возможно нанесение БФК синего, зеленого, желто-зеленого, красного свечения, которые наблюдаются в у/ф свете с длиной волны 365 нм. При изготовлении изделия было использовано изобретение, описанное в патенте ЕА 013395.»",
         "Purpose":"Возможен различный дизайн деметаллизированного изображения размером от 0,5 мм. Возможно нанесение БФК синего, зеленого, желто-зеленого, красного свечения, которые наблюдаются в у/ф свете с длиной волны 365 нм. При изготовлении изделия было использовано изобретение, описанное в патенте ЕА 013395.",
         "MainImageId":"d98360a85c61f1aa187b250970969de298c4013ed54c5c223587a3ba6986b114",
         "ImageIds":[  
            "d98360a85c61f1aa187b250970969de298c4013ed54c5c223587a3ba6986b114",
            "d98360a85c61f1aa187b250970969de298c4013ed54c5c223587a3ba6986b115"
         ],
         "SectionId":2,
         "EffectIds":[  
           
            2
         ]
      }, 
      {  
         "ID":33,
         "Name":"Нить защитная с объемным цветным голографическим изображением «3d-gram»",
         "Description":"Возможно изготовление нити различной ширины от 1,0 мм до 6,0 мм. Возможен различный дизайн голографического изображения. При изменении угла обзора нити наблюдается движение голографических изображений относительно друг друга.»",
         "Purpose":"Возможно изготовление нити различной ширины от 1,0 мм до 6,0 мм. Возможен различный дизайн голографического изображения. При изменении угла обзора нити наблюдается движение голографических изображений относительно друг друга.",
         "MainImageId":"d98360a85c61f1aa187b250970969de298c4013ed54c5c223587a3ba6986b116",
         "ImageIds":[  
            "d98360a85c61f1aa187b250970969de298c4013ed54c5c223587a3ba6986b116"
         ],
         "SectionId":2,
         "EffectIds":[  
            1,
            2
         ]
      }, 

      {  
         "ID":1,
         "Name":"Нить защитная голографическая цветопеременная «vivat» с деметаллизацией",
         "Description":"Возможен различный дизайн деметаллизированного текста размером от 0,5 мм. Возможен различный дизайн голографического изображения. При изменении угла обзора нити наблюдается движение голографических изображений относительно друг друга.",
         "Purpose":"Возможен различный дизайн деметаллизированного текста размером от 0,5 мм. Возможен различный дизайн голографического изображения. При изменении угла обзора нити наблюдается движение голографических изображений относительно друг друга.",
         "MainImageId":"d98360a85c61f1aa187b250970969de298c4013ed54c5c223587a3ba6986b117",
         "ImageIds":[  
            "d98360a85c61f1aa187b250970969de298c4013ed54c5c223587a3ba6986b117",
            "d98360a85c61f1aa187b250970969de298c4013ed54c5c223587a3ba6986b118"
         ],
         "SectionId":2,
         "EffectIds":[  
            1,
            2
         ]
      }, 
      {  
         "ID":22,
         "Name":"Нить защитная со скрытым изображением «hit»",
         "Description":"Возможно изготовление нити различной ширины от 1,0 до 6,0 мм (и другие по желанию заказчика). Возможны различные дизайны скрытого изображения и нанесение. БФК синего, зеленого, желто-зеленого, красного свечения, которые наблюдаются в у/ф свете с длиной волны 365 нм. При изготовлении изделия было использовано изобретение, описанное в патенте ЕА -11567.",
         "Purpose":"Возможно изготовление нити различной ширины от 1,0 до 6,0 мм (и другие по желанию заказчика). Возможны различные дизайны скрытого изображения и нанесение. БФК синего, зеленого, желто-зеленого, красного свечения, которые наблюдаются в у/ф свете с длиной волны 365 нм. При изготовлении изделия было использовано изобретение, описанное в патенте ЕА -11567.",
         "MainImageId":"d98360a85c61f1aa187b250970969de298c4013ed54c5c223587a3ba6986b119",
         "ImageIds":[  
            "d98360a85c61f1aa187b250970969de298c4013ed54c5c223587a3ba6986b119",
            "d98360a85c61f1aa187b250970969de298c4013ed54c5c223587a3ba6986b120"
         ],
         "SectionId":2,
         "EffectIds":[  
            1,
            2
         ]
      }, 
      {  
         "ID":33,
         "Name":"НИТЬ ЗАЩИТНАЯ ФИГУРНАЯ С РАДУЖНЫМ ОКРАШЕННЫМ ИЗОБРАЖЕНИЕМ, ДЕМЕТАЛЛИЗАЦИЕЙ И БФК, ВИДИМЫМ В У/Ф СВЕТЕ",
         "Description":"НИТЬ ЗАЩИТНАЯ ФИГУРНАЯ С РАДУЖНЫМ ОКРАШЕННЫМ ИЗОБРАЖЕНИЕМ, ДЕМЕТАЛЛИЗАЦИЕЙ И БФК, ВИДИМЫМ В У/Ф СВЕТЕ",
         "Purpose":"Возможно изготовление нити различной ширины от 1,0 мм до 6,0 мм. Возможны различные дизайны деметаллизированного изображения. Возможно нанесение БФК синего, зеленого, желто-зеленого, красного свечения, которые наблюдаются в у/ф свете с длиной волны 365 нм.",
         "MainImageId":"d98360a85c61f1aa187b250970969de298c4013ed54c5c223587a3ba6986b384",
         "ImageIds":[  
            "d98360a85c61f1aa187b250970969de298c4013ed54c5c223587a3ba6986b384",
            "d98360a85c61f1aa187b250970969de298c4013ed54c5c223587a3ba6986b384"
         ],
         "SectionId":1,
         "EffectIds":[  
            1,
            2
         ]
      }, 
      {  
         "ID":11,
         "Name":"НИТЬ ЗАЩИТНАЯ ГОЛОГРАФИЧЕСКАЯ ДВУХСЛОЙНАЯ С ЭФФЕКТОМ ДВИЖЕНИЯ НА ЦВЕТОПЕРЕМЕННОМ ФОНЕ",
         "Description":"НИТЬ ЗАЩИТНАЯ ГОЛОГРАФИЧЕСКАЯ ДВУХСЛОЙНАЯ С ЭФФЕКТОМ ДВИЖЕНИЯ НА ЦВЕТОПЕРЕМЕННОМ ФОНЕ",
         "Purpose":"Возможны различные дизайны голографического изображения. При изменении угла обзора нити наблюдается движение голографических изображений относительно друг друга.Изготовлена с использованием матриц Центра Компьютерной Голографии.",
         "MainImageId":"d98360a85c61f1aa187b250970969de298c4013ed54c5c223587a3ba6986b384",
         "ImageIds":[  
            "d98360a85c61f1aa187b250970969de298c4013ed54c5c223587a3ba6986b384",
            "d98360a85c61f1aa187b250970969de298c4013ed54c5c223587a3ba6986b384"
         ],
         "SectionId":1,
         "EffectIds":[  
            1,
            2
         ]
      }
   ],
   "Effects":[  
      {  
         "ID":1,
         "Name":"Эффект Скрытое изображение",
         "Description":"Описание эффекта Скрытое изображение. Описание эффекта Скрытое изображение. Описание эффекта Скрытое изображение.",
         "ImageIds":[  
            "d98360a85c61f1aa187b250970969de298c4013ed54c5c223587a3ba6986b384"
         ],
         "TechnologyId":22,
         "ProductIds":[  
            1,11
         ]
      },
      {  
         "ID":22,
         "Name":"Эффект Микротекст,",
         "Description":"Описание эффекта Микротекст. Описание эффекта Микротекст. Описание эффекта Микротекст",
         "ImageIds":[  
            "d98360a85c61f1aa187b250970969de298c4013ed54c5c223587a3ba6986b384"
         ],
         "TechnologyId":22,
         "ProductIds":[  
            1,33
         ]
      },
      {  
         "ID":2,
         "Name":"Эффект Флип-флоп",
         "Description":"Описание эффекта Флип-флоп. Описание эффекта Флип-флоп. Описание эффекта Флип-флоп.",
         "ImageIds":[  
            "d98360a85c61f1aa187b250970969de298c4013ed54c5c223587a3ba6986b384"
         ],
         "TechnologyId":22,
         "ProductIds":[  
            11
         ]
      }
   ],
   "Patents":[  
      {  
         "ID":1,
         "Name":"EA017762B1",
         "Description":"Защитный элемент для защиты ценных документов от подделки и копирования, способ изготовления указанного защитного элемента и способ верификации объекта, подлежащего защите, содержащего указанный защитный элемент",
         "ImageIds":[  
            "d98360a85c61f1aa187b250970969de298c4013ed54c5c223587a3ba6986b384"
         ]
      },
      {  
         "ID":2,
         "Name":"EA201201055A1",
         "Description":"Защитный элемент для защиты ценных документов от подделки и копирования, способ изготовления указанного защитного элемента и способ верификации объекта, подлежащего защите, содержащего указанный защитный элемент",
         "ImageIds":[  
            "d98360a85c61f1aa187b250970969de298c4013ed54c5c223587a3ba6986b384"
         ]
      },
       {  
         "ID":4,
         "Name":"WO2009154506A1",
         "Description":"Оптический отражательный защитный элемент и способ его изготовления",
         "ImageIds":[  
            "d98360a85c61f1aa187b250970969de298c4013ed54c5c223587a3ba6986b384"
         ]
      },
       {  
         "ID":5,
         "Name":"WO2011043697A1",
         "Description":"Изготовление защитного элемента и верификация объекта с этим элементом",
         "ImageIds":[  
            "d98360a85c61f1aa187b250970969de298c4013ed54c5c223587a3ba6986b384"
         ]
      },
      {  
         "ID":3,
         "Name":"RU2403601C2",
         "Description":"Способ изготовления оптического двустороннего отражательного защитного средства и защитное средство, полученное этим способом",
         "ImageIds":[  
            "d98360a85c61f1aa187b250970969de298c4013ed54c5c223587a3ba6986b384"
         ]
      }
   ],
   "Technologies":[  
      {  
         "ID":22,
         "Name":"Фотополимерные голограммы",
         "Description":"Описание технологии фотополимерные голограммы. Описание технологии фотополимерные голограммы. Описание технологии фотополимерные голограммы.",
         "ImageIds":[  
            "d98360a85c61f1aa187b250970969de298c4013ed54c5c223587a3ba6986b112"
         ]
      },
       {  
         "ID":33,
         "Name":"Радужные голограммы",
         "Description":"Описание технологии Радужные голограммы. Описание технологии Радужные голограммы.Описание технологии Радужные голограммы.",
         "ImageIds":[  
            "d98360a85c61f1aa187b250970969de298c4013ed54c5c223587a3ba6986b384"
         ]
      },
       {  
         "ID":11,
         "Name":"Smart HIT",
         "Description":"Описание технологии Smart HIT. Описание технологии Smart HIT. Описание технологии Smart HIT",
         "ImageIds":[  
            "d98360a85c61f1aa187b250970969de298c4013ed54c5c223587a3ba6986b384"
         ]
      },
      {  
         "ID":2,
         "Name":"Цветопеременная пленка",
         "Description":"Описание технологии Цветопеременная пленка. Описание технологии Цветопеременная пленка. Описание технологии Цветопеременная пленка",
         "ImageIds":[  
            "d98360a85c61f1aa187b250970969de298c4013ed54c5c223587a3ba6986b384"
         ]
      },
	  {  
         "ID":44,
         "Name":"Другие технологии",
         "Description":"Описание технологии Другие технологии. Описание технологии Другие технологии. Описание технологии Другие технологии",
         "ImageIds":[  
            "d98360a85c61f1aa187b250970969de298c4013ed54c5c223587a3ba6986b384"
         ]
      }
   ],
   "Sections":[  
      {  
         "ID":1,
         "Name":"ЗАЩИТА БРЕНДОВ",
         "Description":"Самоклеящиеся этикетки с постоянной липкостью поставляются на антиадгезионной бумаге, возможны различные цвета этикеток (цвет основы и/или цвет лакового покрытия), возможна персонализация (нумерация) каплеструйная или термотрансферная. Используются для для защиты от подделки и/или привлечения внимания, могут содержать комплекс защитных элементов: голографические (с деметаллизацией), биметаллизированные (медь, алюминий), цветопеременные, люминесцентные, магнитные, со скрытым изображением.",
         "ProductIds":[  
            22,
            1
         ]
      },
      {  
         "ID":2,
         "Name":"ЗАЩИТА БАНКНОТ",
         "Description":"Защитные нити используются для введения в бумажное полотно для защиты от подделки и могут содержать комплекс защитных элементов",
         "ProductIds":[  
33,11
         ]
      },
        {  
         "ID":3,
         "Name":"ЗАЩИТА ID-ДОКУМЕНТОВ",
         "Description":"Нанесение прозрачной пленки для поверхностной защиты информации от подделки и изменения на документе, могут содержать комплекс защитных элементов: голографические, цветопеременные, люминесцентные и т.д.",
         "ProductIds":[  
33,1
         ]
      }
   ],
   "Images":[  
      {  
         "ID":"d98360a85c61f1aa187b250970969de298c4013ed54c5c223587a3ba6986b384",
         "Size":18661,
         "FileName":"d98360a85c61f1aa187b250970969de298c4013ed54c5c223587a3ba6986b384.jpg"
      }
   ]
}