{  
   "Products":[  
   	 {  
         "ID":1,
         "Name":"описание производимой name",
         "Description":"Краткое описание производимой продукции по защите банкнот ВМД,и тд и тд Mobile и тд и тд",
         "Purpose":"definition of product purpose",
         "MainImageId":"d98360a85c61f1aa187b250970969de298c4013ed54c5c223587a3ba6986b384",
         "ImageIds":[  
            "d98360a85c61f1aa187b250970969de298c4013ed54c5c223587a3ba6986b384",
            "d98360a85c61f1aa187b250970969de298c4013ed54c5c223587a3ba6986b384"
         ],
         "SectionId":2,
         "EffectIds":[  
           
            2
         ]
      }, 
      {  
         "ID":22,
         "Name":"конфиденциальности",
         "Description":"sнаука о методах обеспечения конфиденциальности (невозможности прочтения информации посторонним), целостности данных (невозможности незаметного изменения информации), аутентификации (проверки подлинности авторства или иных свойств объекта), а также невозможности отказа от авторства.",
         "Purpose":"Изначально криптография изучала методы шифрования информации 	",
         "MainImageId":"d98360a85c61f1aa187b250970969de298c4013ed54c5c223587a3ba6986b384",
         "ImageIds":[  
            "d98360a85c61f1aa187b250970969de298c4013ed54c5c223587a3ba6986b384",
            "d98360a85c61f1aa187b250970969de298c4013ed54c5c223587a3ba6986b384"
         ],
         "SectionId":2,
         "EffectIds":[  
           
            2
         ]
      }, 
      {  
         "ID":33,
         "Name":"симметричных Kвантовую криптографию",
         "Description":"графия образует раздел симметричных криптосистем, в которых зашифровывание и расшифровывание проводится с использованием одного и того же секретного ключа. Помимо этого раздела современная криптография включает в себя асимметричные криптосистемы, системы электронной цифровой подписи (ЭЦП), хеш-функции, управление ключами, получение скрытой информации, квантовую криптографию.",
         "Purpose":"Kриптография — одна из старейших наук, её история насчитывает несколько тысяч лет.",
         "MainImageId":"d98360a85c61f1aa187b250970969de298c4013ed54c5c223587a3ba6986b384",
         "ImageIds":[  
            "d98360a85c61f1aa187b250970969de298c4013ed54c5c223587a3ba6986b384",
            "d98360a85c61f1aa187b250970969de298c4013ed54c5c223587a3ba6986b384"
         ],
         "SectionId":3,
         "EffectIds":[  
            1,
            2
         ]
      }, 

      {  
         "ID":1,
         "Name":"BMD name методы",
         "Description":"Краткое описание производимой продукции по защите банкнот ВМД,и тд и тд Mobile и тд и тд",
         "Purpose":"definition of product purpose",
         "MainImageId":"d98360a85c61f1aa187b250970969de298c4013ed54c5c223587a3ba6986b384",
         "ImageIds":[  
            "d98360a85c61f1aa187b250970969de298c4013ed54c5c223587a3ba6986b384",
            "d98360a85c61f1aa187b250970969de298c4013ed54c5c223587a3ba6986b384"
         ],
         "SectionId":3,
         "EffectIds":[  
            1,
            2
         ]
      }, 
      {  
         "ID":22,
         "Name":"Aутентификации",
         "Description":"sнаука о методах обеспечения конфиденциальности (невозможности прочтения информации посторонним), целостности данных (невозможности незаметного изменения информации), аутентификации (проверки подлинности авторства или иных свойств объекта), а также невозможности отказа от авторства.",
         "Purpose":"Изначально криптография изучала методы шифрования информации 	",
         "MainImageId":"d98360a85c61f1aa187b250970969de298c4013ed54c5c223587a3ba6986b384",
         "ImageIds":[  
            "d98360a85c61f1aa187b250970969de298c4013ed54c5c223587a3ba6986b384",
            "d98360a85c61f1aa187b250970969de298c4013ed54c5c223587a3ba6986b384"
         ],
         "SectionId":3,
         "EffectIds":[  
            1,
            2
         ]
      }, 
      {  
         "ID":33,
         "Name":"Kвантовую криптографию",
         "Description":"графия образует раздел симметричных криптосистем, в которых зашифровывание и расшифровывание проводится с использованием одного и того же секретного ключа. Помимо этого раздела современная криптография включает в себя асимметричные криптосистемы, системы электронной цифровой подписи (ЭЦП), хеш-функции, управление ключами, получение скрытой информации, квантовую криптографию.",
         "Purpose":"Kриптография — одна из старейших наук, её история насчитывает несколько тысяч лет.",
         "MainImageId":"d98360a85c61f1aa187b250970969de298c4013ed54c5c223587a3ba6986b384",
         "ImageIds":[  
            "d98360a85c61f1aa187b250970969de298c4013ed54c5c223587a3ba6986b384",
            "d98360a85c61f1aa187b250970969de298c4013ed54c5c223587a3ba6986b384"
         ],
         "SectionId":1,
         "EffectIds":[  
            1,
            2
         ]
      }, 
      {  
         "ID":11,
         "Name":"Шифр",
         "Description":"Kриптосистема — семейство обратимых преобразований открытого текста в шифрованный.",
         "Purpose":"definition of product purpose",
         "MainImageId":"d98360a85c61f1aa187b250970969de298c4013ed54c5c223587a3ba6986b384",
         "ImageIds":[  
            "d98360a85c61f1aa187b250970969de298c4013ed54c5c223587a3ba6986b384",
            "d98360a85c61f1aa187b250970969de298c4013ed54c5c223587a3ba6986b384"
         ],
         "SectionId":1,
         "EffectIds":[  
            1,
            2
         ]
      }
   ],
   "Effects":[  
      {  
         "ID":1,
         "Name":"Реакция",
         "Description":"Реакция на некоторое действие, или результат, являющийся следствием какого-либо действия.",
         "ImageIds":[  
            "d98360a85c61f1aa187b250970969de298c4013ed54c5c223587a3ba6986b384"
         ],
         "TechnologyId":22,
         "ProductIds":[  
            1,11
         ]
      },
      {  
         "ID":22,
         "Name":"Исполнение, действие,",
         "Description":"Средства, предназначенные для создания какого-либо сильного впечатления или для создания иллюзий (спецэффекты), кроме того, эффектом может называться и само созданное впечатление.",
         "ImageIds":[  
            "d98360a85c61f1aa187b250970969de298c4013ed54c5c223587a3ba6986b384"
         ],
         "TechnologyId":33,
         "ProductIds":[  
            1,33
         ]
      },
      {  
         "ID":2,
         "Name":"Сolorful effect",
         "Description":"В социологии, антропологии и психологии эффектом называют реакцию группы или индивида на привходящие (внешние) обстоятельства.",
         "ImageIds":[  
            "d98360a85c61f1aa187b250970969de298c4013ed54c5c223587a3ba6986b384"
         ],
         "TechnologyId":2,
         "ProductIds":[  
            11
         ]
      }
   ],
   "Patents":[  
      {  
         "ID":1,
         "Name":"EA017762B1",
         "Description":"Защитный элемент для защиты ценных документов от подделки и копирования, способ изготовления указанного защитного элемента и способ верификации объекта, подлежащего защите, содержащего указанный защитный элемент",
         "ImageIds":[  
            "d98360a85c61f1aa187b250970969de298c4013ed54c5c223587a3ba6986b384"
         ]
      },
      {  
         "ID":2,
         "Name":"EA201201055A1",
         "Description":"Защитный элемент для защиты ценных документов от подделки и копирования, способ изготовления указанного защитного элемента и способ верификации объекта, подлежащего защите, содержащего указанный защитный элемент",
         "ImageIds":[  
            "d98360a85c61f1aa187b250970969de298c4013ed54c5c223587a3ba6986b384"
         ]
      },
       {  
         "ID":4,
         "Name":"WO2009154506A1",
         "Description":"Оптический отражательный защитный элемент и способ его изготовления",
         "ImageIds":[  
            "d98360a85c61f1aa187b250970969de298c4013ed54c5c223587a3ba6986b384"
         ]
      },
       {  
         "ID":5,
         "Name":"WO2011043697A1",
         "Description":"Изготовление защитного элемента и верификация объекта с этим элементом",
         "ImageIds":[  
            "d98360a85c61f1aa187b250970969de298c4013ed54c5c223587a3ba6986b384"
         ]
      },
      {  
         "ID":3,
         "Name":"RU2403601C2",
         "Description":"Способ изготовления оптического двустороннего отражательного защитного средства и защитное средство, полученное этим способом",
         "ImageIds":[  
            "d98360a85c61f1aa187b250970969de298c4013ed54c5c223587a3ba6986b384"
         ]
      }
   ],
   "Technologies":[  
      {  
         "ID":22,
         "Name":"i дерево",
         "Description":"В Толковом словаре Ушакова 1940 года технология — «это совокупность наук, сведений о способах переработки того или иного сырья в фабрикат, в готовое изделие; совокупность процессов такой переработки»[8].",
         "ImageIds":[  
            "d98360a85c61f1aa187b250970969de298c4013ed54c5c223587a3ba6986b384"
         ]
      },
       {  
         "ID":33,
         "Name":"I минералы",
         "Description":"вёл в научное употребление термин «технология». Им он назвал научную дисциплину, которую читал в Гёттингенском университете[10].",
         "ImageIds":[  
            "d98360a85c61f1aa187b250970969de298c4013ed54c5c223587a3ba6986b384"
         ]
      },
       {  
         "ID":11,
         "Name":"I металлы",
         "Description":"обрабатываемых заготовок и деталей, включая в себя литейное производство, сварку и пайку, механическую обработку металлов (обработка металлов резанием и др.), электрофизические и электрохимические методы обработки металлов, нанесение на металл защитных покрытий[12][13].",
         "ImageIds":[  
            "d98360a85c61f1aa187b250970969de298c4013ed54c5c223587a3ba6986b384"
         ]
      },
      {  
         "ID":2,
         "Name":"Pешения",
         "Description":"Технологии могут классифицироваться или в связи с определённой отраслью производства, или в связи с конкретными материалами и способами их получения и обработки. К отраслевым технологиям относятся, например, технология горных работ, технология машиностроения, технология строительства, с материалами связаны технология металлов, технология волокнистых веществ, технология тканей[12].",
         "ImageIds":[  
            "d98360a85c61f1aa187b250970969de298c4013ed54c5c223587a3ba6986b384"
         ]
      }
   ],
   "Sections":[  
      {  
         "ID":1,
         "Name":"Процесс состоит из множества частей, простейшей из которых является организационно неделимая и технологически однородная рабочая операция",
         "Description":"section od some products",
         "ProductIds":[  
            22,
            1
         ]
      },
      {  
         "ID":2,
         "Name":"Совокупность явлений, обусловленных существованием, взаимодействием и движением электрических зарядов. ",
         "Description":"овокупность явлений, обусловленных существованием, взаимодействием и движением электрических зарядов.",
         "ProductIds":[  
33,11
         ]
      },
        {  
         "ID":3,
         "Name":"Совокупность явлений,  ",
         "Description":"обусловленных существованием,обусловленных существованием, взаимодействием и движением электрических зарядов.",
         "ProductIds":[  
33,1
         ]
      }
   ],
   "Images":[  
      {  
         "ID":"d98360a85c61f1aa187b250970969de298c4013ed54c5c223587a3ba6986b384",
         "Size":18661,
         "FileName":"d98360a85c61f1aa187b250970969de298c4013ed54c5c223587a3ba6986b384.jpg"
      }
   ]
}